run,stratum,MAE,DirAcc,n_obs
ablation_full_s42,news,0.034101088996976614,0.5362323997441295,22610
ablation_full_s42,no_news,0.02607904700562358,0.5743421052631579,390
ablation_full_s43,news,0.03320398926734924,0.5551330921162012,22610
ablation_full_s43,no_news,0.026225957088172436,0.6357894736842106,390
ablation_full_s44,news,0.03329375572502613,0.5480821702215196,22610
ablation_full_s44,no_news,0.02673101145774126,0.5768421052631578,390
ablation_full_s45,news,0.03501231223344803,0.5146159772534499,22610
ablation_full_s45,no_news,0.026475639548152685,0.5848684210526316,390
ablation_full_s46,news,0.03440006356686354,0.5081982179238982,22610
ablation_full_s46,no_news,0.026864372193813324,0.6307894736842106,390
ablation_no_macro_s42,news,0.03383550699800253,0.5420865169204238,22610
ablation_no_macro_s42,no_news,0.026811769232153893,0.6103947368421052,390
ablation_no_macro_s43,news,0.03352259611710906,0.5428972699631129,22610
ablation_no_macro_s43,no_news,0.027015678118914366,0.6032894736842105,390
ablation_no_macro_s44,news,0.03374468581750989,0.5206105477545109,22610
ablation_no_macro_s44,no_news,0.026510850060731173,0.5953947368421053,390
ablation_no_macro_s45,news,0.034107097424566746,0.5535895321345744,22610
ablation_no_macro_s45,no_news,0.026626634877175093,0.5717105263157894,390
ablation_no_macro_s46,news,0.0338682415895164,0.5156984363155774,22610
ablation_no_macro_s46,no_news,0.029476001858711243,0.525921052631579,390
ablation_no_sentiment_s42,news,0.03360976278781891,0.5494026804408412,22610
ablation_no_sentiment_s42,no_news,0.02659087209030986,0.6085526315789473,390
ablation_no_sentiment_s43,news,0.03319716081023216,0.5379976998424763,22610
ablation_no_sentiment_s43,no_news,0.028047893662005663,0.6032894736842105,390
ablation_no_sentiment_s44,news,0.03401499940082431,0.5413856071429578,22610
ablation_no_sentiment_s44,no_news,0.025514873676002026,0.7682894736842105,390
ablation_no_sentiment_s45,news,0.03539203619584441,0.510430711365103,22610
ablation_no_sentiment_s45,no_news,0.03256511129438877,0.36907894736842106,390
ablation_no_sentiment_s46,news,0.03364375652745366,0.5483572190426272,22610
ablation_no_sentiment_s46,no_news,0.027705243788659573,0.5927631578947368,390
ablation_numerical_only_s42,news,0.03300662664696574,0.5533711214342274,22610
ablation_numerical_only_s42,no_news,0.026453361846506596,0.6032894736842105,390
ablation_numerical_only_s43,news,0.03691212087869644,0.5124021069865612,22610
ablation_numerical_only_s43,no_news,0.027056913822889328,0.5957894736842105,390
ablation_numerical_only_s44,news,0.03392067085951567,0.5434918624442396,22610
ablation_numerical_only_s44,no_news,0.028074925299733877,0.6032894736842105,390
ablation_numerical_only_s45,news,0.033370026387274265,0.5595074725178729,22610
ablation_numerical_only_s45,no_news,0.026890214066952467,0.6082894736842106,390
ablation_numerical_only_s46,news,0.03332196408882737,0.5387699631129409,22610
ablation_numerical_only_s46,no_news,0.02764296205714345,0.5686842105263158,390
ablation_perm_macro_s42,news,0.033025961834937334,0.5513711467958419,22610
ablation_perm_macro_s42,no_news,0.026143893599510193,0.6182894736842106,390
ablation_perm_macro_s43,news,0.03773871576413512,0.5170131528149983,22610
ablation_perm_macro_s43,no_news,0.027342318557202816,0.6032894736842105,390
ablation_perm_macro_s44,news,0.03308028448373079,0.5508339610332885,22610
ablation_perm_macro_s44,no_news,0.02728312462568283,0.6032894736842105,390
ablation_perm_macro_s45,news,0.034058067947626114,0.5242929970946861,22610
ablation_perm_macro_s45,no_news,0.02732531540095806,0.5955263157894737,390
ablation_perm_macro_s46,news,0.03313587745651603,0.5383097047626294,22610
ablation_perm_macro_s46,no_news,0.026915574446320534,0.5893421052631579,390
ablation_perm_sentiment_s42,news,0.034574782475829124,0.5312962687429376,22610
ablation_perm_sentiment_s42,no_news,0.027933488599956036,0.6332894736842105,390
ablation_perm_sentiment_s43,news,0.03381727496162057,0.5349398408417801,22610
ablation_perm_sentiment_s43,no_news,0.03153771534562111,0.5668421052631579,390
ablation_perm_sentiment_s44,news,0.033652322832494974,0.5468059124967946,22610
ablation_perm_sentiment_s44,no_news,0.02636436652392149,0.6257894736842106,390
ablation_perm_sentiment_s45,news,0.03422980662435293,0.5406476109359282,22610
ablation_perm_sentiment_s45,no_news,0.026151540223509073,0.5980263157894736,390
ablation_perm_sentiment_s46,news,0.03473477531224489,0.5041381285101179,22610
ablation_perm_sentiment_s46,no_news,0.02666500210762024,0.5821052631578947,390
ablation_point_only_s42,news,0.03461662074550986,0.5239751766154643,22610
ablation_point_only_s42,no_news,0.03312582429498434,0.4214473684210526,390
ablation_point_only_s43,news,0.03463255614042282,0.5372448445473939,22610
ablation_point_only_s43,no_news,0.02607839461416006,0.6807894736842106,390
ablation_point_only_s44,news,0.033788989298045635,0.5461407907751354,22610
ablation_point_only_s44,no_news,0.025999118573963642,0.7228947368421053,390
ablation_point_only_s45,news,0.033775662537664175,0.534908543200692,22610
ablation_point_only_s45,no_news,0.02723137056455016,0.5993421052631579,390
ablation_point_only_s46,news,0.03353885700926185,0.5555011652252816,22610
ablation_point_only_s46,no_news,0.026817744597792625,0.6032894736842105,390
ablation_static_fusion_s42,news,0.033231751061975956,0.5508540805428512,22610
ablation_static_fusion_s42,no_news,0.02584472205489874,0.6026315789473684,390
ablation_static_fusion_s43,news,0.033615488559007645,0.5317558845990188,22610
ablation_static_fusion_s43,no_news,0.027916223276406527,0.5743421052631579,390
ablation_static_fusion_s44,news,0.0330974361859262,0.5530122341609673,22610
ablation_static_fusion_s44,no_news,0.023812790401279926,0.7902631578947368,390
ablation_static_fusion_s45,news,0.034579582046717405,0.4907617304511268,22610
ablation_static_fusion_s45,no_news,0.029975800774991512,0.4743421052631579,390
ablation_static_fusion_s46,news,0.03423091396689415,0.5195404228908295,22610
ablation_static_fusion_s46,no_news,0.024939218536019325,0.6357894736842106,390
baseline_arima,news,0.03291001297909876,0.5499523448221446,22610
baseline_arima,no_news,0.027619318433690455,0.6081578947368421,390
baseline_cnn_bilstm,news,0.03478197753429413,0.5128893395272032,22610
baseline_cnn_bilstm,no_news,0.03387223416939378,0.4507894736842106,390
baseline_cnn_bilstm_attn,news,0.033329369965940714,0.5618179254481257,22610
baseline_cnn_bilstm_attn,no_news,0.024741722736507654,0.7607894736842106,390
baseline_dcc_garch,news,0.03298452040385125,0.5342482747057348,22610
baseline_dcc_garch,no_news,0.027356681675111738,0.6032894736842105,390
baseline_garch,news,0.03298452040385125,0.5342482747057348,22610
baseline_garch,no_news,0.027356681675111738,0.6032894736842105,390
baseline_garch_midas,news,0.032922190507589315,0.5342482747057348,22610
baseline_garch_midas,no_news,0.027614417065563605,0.6032894736842105,390
baseline_gru,news,0.033928660210222006,0.5136911363975799,22610
baseline_gru,no_news,0.02912980830296874,0.4632894736842106,390
baseline_har_rv,news,0.03317206462520512,8.695652173913044e-05,22610
baseline_har_rv,no_news,0.02846941938460077,0.002631578947368421,390
baseline_lstm,news,0.03441413398832083,0.4971114318885667,22610
baseline_lstm,no_news,0.03686224389821291,0.43328947368421056,390
baseline_martingale,news,0.03317206462520512,8.695652173913044e-05,22610
baseline_martingale,no_news,0.02846941938460077,0.002631578947368421,390
baseline_sentiment_lstm,news,0.03338425746187568,0.5439185821730395,22610
baseline_sentiment_lstm,no_news,0.028182499576359987,0.5007894736842106,390
baseline_tft,news,0.03587728124719061,0.5107420294082008,22610
baseline_tft,no_news,0.03125457683216442,0.6282894736842106,390
baseline_transformer,news,0.03374237287789583,0.5268947781845029,22610
baseline_transformer,no_news,0.02720805210992694,0.6607894736842106,390
dramt_ensemble,news,0.03312645433470607,0.5470726300275878,22610
dramt_ensemble,no_news,0.026509500108659267,0.6032894736842105,390
dramt_garch,news,0.0334309539757669,0.5283164446116433,22610
dramt_garch,no_news,0.02756646554917097,0.6453947368421052,390
dramt_gate_ext,news,0.03387620206922293,0.5384441170917555,22610
dramt_gate_ext,no_news,0.02862871065735817,0.6332894736842105,390
dramt_gate_ext_time,news,0.033249118365347385,0.5492755067391445,22610
dramt_gate_ext_time,no_news,0.025417068507522345,0.6396052631578948,390
dramt_gate_time,news,0.03296471294015646,0.556706846508692,22610
dramt_gate_time,no_news,0.02661386225372553,0.6182894736842106,390
dramt_gpu,news,0.03367916261777282,0.5413613487588308,22610
dramt_gpu,no_news,0.02637647185474634,0.5901315789473685,390
dramt_lam1_2,news,0.03432961320504546,0.5072617248152125,22610
dramt_lam1_2,no_news,0.02684165397658944,0.5743421052631579,390
dramt_lam1_5,news,0.03343693166971207,0.517640336379545,22610
dramt_lam1_5,no_news,0.026448631193488836,0.6053947368421053,390
dramt_rank,news,0.033093908336013556,0.5477528637489538,22610
dramt_rank,no_news,0.02732137031853199,0.6107894736842105,390
dramt_rank_only,news,0.03349731024354696,0.4830461186867192,22610
dramt_rank_only,no_news,0.030553807504475117,0.309078947368421,390
dramt_riskonly,news,0.03353958576917648,0.5087251907052501,22610
dramt_riskonly,no_news,0.02712185075506568,0.7675,390
dramt_seed42,news,0.034121616277843714,0.5393811329314926,22610
dramt_seed42,no_news,0.027590843848884106,0.6085526315789473,390
dramt_seed43,news,0.03304162248969078,0.5440970560801652,22610
dramt_seed43,no_news,0.027649027295410633,0.6032894736842105,390
dramt_seed44,news,0.03325350768864155,0.5519517354389109,22610
dramt_seed44,no_news,0.026730960234999657,0.5768421052631578,390
dramt_seed45,news,0.03518043830990791,0.5134454267373411,22610
dramt_seed45,no_news,0.02711200388148427,0.5848684210526316,390
dramt_seed46,news,0.03461526334285736,0.5027214428222404,22610
dramt_seed46,no_news,0.02686230279505253,0.6307894736842106,390
dramt_seed47,news,0.0331574147567153,0.5463559537798668,22610
dramt_seed47,no_news,0.028190607205033302,0.6111842105263158,390
dramt_seed48,news,0.03586792992427945,0.49136360101108306,22610
dramt_seed48,no_news,0.026492915581911802,0.6032894736842105,390
dramt_seed49,news,0.03396058548241854,0.5429864019477719,22610
dramt_seed49,no_news,0.028529842384159565,0.7056578947368422,390
dramt_seed50,news,0.03314500441774726,0.5539683620905861,22610
dramt_seed50,no_news,0.02521976549178362,0.7557894736842106,390
dramt_seed51,news,0.033427960239350796,0.5499531521668681,22610
dramt_seed51,no_news,0.027598281856626272,0.6032894736842105,390
dramt_t,news,0.03312772139906883,0.5462634592678384,22610
dramt_t,no_news,0.02632778976112604,0.5922368421052632,390
dramt_t_garch,news,0.03348372830078006,0.5558208427382653,22610
dramt_t_garch,no_news,0.025830172933638096,0.5932894736842106,390
dramt_t_har,news,0.03554285829886794,0.5268899700451155,22610
dramt_t_har,no_news,0.0332776689901948,0.3919736842105263,390
dramt_tg_ensemble,news,0.03314017737284303,0.5508846758081196,22610
dramt_tg_ensemble,no_news,0.02662268467247486,0.6032894736842105,390
dramt_tg_seed42,news,0.03378243604674935,0.5270717029196854,22610
dramt_tg_seed42,no_news,0.02781993942335248,0.5011842105263158,390
dramt_tg_seed43,news,0.034296981524676085,0.5300519546759772,22610
dramt_tg_seed43,no_news,0.029579486697912216,0.7782894736842105,390
dramt_tg_seed44,news,0.03575780522078276,0.5136114974060705,22610
dramt_tg_seed44,no_news,0.03301901649683714,0.5874999999999999,390
dramt_tg_seed45,news,0.03338765073567629,0.5369258045972153,22610
dramt_tg_seed45,no_news,0.02627839893102646,0.6032894736842105,390
dramt_tg_seed46,news,0.03500011935830116,0.5074622323292952,22610
dramt_tg_seed46,no_news,0.0258122393861413,0.6372368421052632,390
dramt_tg_seed47,news,0.0328843193128705,0.5582685647017052,22610
dramt_tg_seed47,no_news,0.026936082635074854,0.6032894736842105,390
dramt_tg_seed48,news,0.03456308878958225,0.5386437961264361,22610
dramt_tg_seed48,no_news,0.027655689511448145,0.6057894736842105,390
dramt_tg_seed49,news,0.033947203774005175,0.5367803634882928,22610
dramt_tg_seed49,no_news,0.027771296445280313,0.555921052631579,390
dramt_tg_seed50,news,0.03308378392830491,0.5556057079131055,22610
dramt_tg_seed50,no_news,0.02727186819538474,0.6082894736842106,390
dramt_tg_seed51,news,0.03342988342046738,0.5393406684757951,22610
dramt_tg_seed51,no_news,0.0277198594994843,0.5842105263157895,390
