run,dropped_fold,MAE,DirAcc,VaRBreach
ablation_full_s42,none,0.033934027422219515,0.5373043478260869,0.1
ablation_full_s42,0,0.03612140566110611,0.5190144927536232,0.13333333333333333
ablation_full_s42,1,0.03415621382494768,0.5420289855072463,0.08695652173913043
ablation_full_s42,2,0.03305093881984552,0.5380289855072463,0.07246376811594203
ablation_full_s42,3,0.03240755138297876,0.5501449275362319,0.10724637681159421
ablation_full_s43,none,0.033059692941606045,0.5565217391304347,0.0891304347826087
ablation_full_s43,0,0.035199932754039764,0.5483478260869564,0.11884057971014493
ablation_full_s43,1,0.03413660079240799,0.5489275362318841,0.08695652173913043
ablation_full_s43,2,0.032003081093231835,0.5635362318840579,0.06956521739130435
ablation_full_s43,3,0.030899157126744587,0.5652753623188406,0.08115942028985508
ablation_full_s44,none,0.0331551400013268,0.5489565217391305,0.09782608695652174
ablation_full_s44,0,0.03544943096737067,0.5311304347826087,0.12173913043478261
ablation_full_s44,1,0.03420529638727506,0.5428405797101449,0.09855072463768115
ablation_full_s44,2,0.03201062045991421,0.5511884057971015,0.07536231884057971
ablation_full_s44,3,0.03095521219074726,0.5706666666666667,0.09565217391304348
ablation_full_s45,none,0.03485670778900385,0.5160434782608696,0.08695652173913043
ablation_full_s45,0,0.0359053798019886,0.5147826086956522,0.11594202898550725
ablation_full_s45,1,0.035777258376280464,0.515768115942029,0.08405797101449275
ablation_full_s45,2,0.03431722894310951,0.5073043478260869,0.06666666666666667
ablation_full_s45,3,0.03342696403463682,0.5263188405797101,0.08115942028985508
ablation_full_s46,none,0.03426844906061888,0.5102173913043478,0.1108695652173913
ablation_full_s46,0,0.03702035484214624,0.47002898550724637,0.13333333333333333
ablation_full_s46,1,0.03565431075791518,0.496231884057971,0.10144927536231885
ablation_full_s46,2,0.03176154817144076,0.5529855072463769,0.08985507246376812
ablation_full_s46,3,0.032637582470973335,0.5216231884057971,0.11884057971014493
ablation_no_macro_s42,none,0.03368322551250458,0.543608695652174,0.09999999999999999
ablation_no_macro_s42,0,0.036060888320207596,0.5271304347826087,0.13043478260869565
ablation_no_macro_s42,1,0.03406695028146108,0.5411594202898551,0.08985507246376812
ablation_no_macro_s42,2,0.032691157112518944,0.5454492753623189,0.07536231884057971
ablation_no_macro_s42,3,0.03191390633583069,0.560695652173913,0.10434782608695652
ablation_no_macro_s43,none,0.03337778663262725,0.5446086956521738,0.09999999999999999
ablation_no_macro_s43,0,0.03578000143170357,0.517623188405797,0.1246376811594203
ablation_no_macro_s43,1,0.03377947025001049,0.5512463768115942,0.08405797101449275
ablation_no_macro_s43,2,0.03242352791130543,0.5438260869565218,0.08695652173913043
ablation_no_macro_s43,3,0.03152814693748951,0.5657391304347826,0.10434782608695652
ablation_no_macro_s44,none,0.033594080712646246,0.5222173913043479,0.10217391304347827
ablation_no_macro_s44,0,0.035759828984737396,0.5108405797101448,0.13043478260869565
ablation_no_macro_s44,1,0.03428454510867596,0.5232463768115941,0.09855072463768116
ablation_no_macro_s44,2,0.032604742174347244,0.519536231884058,0.07826086956521738
ablation_no_macro_s44,3,0.03172720658282439,0.5352463768115941,0.10144927536231885
ablation_no_macro_s45,none,0.03393951337784529,0.5547391304347826,0.08478260869565217
ablation_no_macro_s45,0,0.03647808978954951,0.5184927536231884,0.11304347826086956
ablation_no_macro_s45,1,0.03422952815890312,0.5649855072463768,0.08985507246376812
ablation_no_macro_s45,2,0.033091701567173004,0.5572753623188406,0.057971014492753624
ablation_no_macro_s45,3,0.031958733995755516,0.5782028985507246,0.07826086956521738
ablation_no_macro_s46,none,0.03375899372622371,0.5168260869565218,0.09565217391304348
ablation_no_macro_s46,0,0.036251949767271675,0.4857391304347825,0.11884057971014493
ablation_no_macro_s46,1,0.034479678298036255,0.5156521739130434,0.08985507246376812
ablation_no_macro_s46,2,0.032792109375198684,0.5085217391304347,0.07536231884057971
ablation_no_macro_s46,3,0.031512237464388214,0.5573913043478261,0.09855072463768116
ablation_no_sentiment_s42,none,0.0334507105872035,0.5510869565217391,0.1
ablation_no_sentiment_s42,0,0.03617876023054123,0.5195942028985507,0.13333333333333333
ablation_no_sentiment_s42,1,0.033673820396264396,0.5573333333333333,0.09565217391304348
ablation_no_sentiment_s42,2,0.032385848462581635,0.5549565217391305,0.07246376811594203
ablation_no_sentiment_s42,3,0.03156441325942675,0.572463768115942,0.09855072463768116
ablation_no_sentiment_s43,none,0.03309177793562412,0.5392173913043479,0.09782608695652174
ablation_no_sentiment_s43,0,0.03519143039981524,0.531768115942029,0.12753623188405797
ablation_no_sentiment_s43,1,0.03415919840335846,0.527072463768116,0.0927536231884058
ablation_no_sentiment_s43,2,0.03181188181042671,0.5415652173913043,0.07536231884057971
ablation_no_sentiment_s43,3,0.031204601128896076,0.556463768115942,0.09565217391304348
ablation_no_sentiment_s44,none,0.03384948382154107,0.5457826086956522,0.12173913043478261
ablation_no_sentiment_s44,0,0.035558746506770454,0.5262028985507247,0.13043478260869565
ablation_no_sentiment_s44,1,0.03460666723549366,0.5521739130434783,0.12173913043478261
ablation_no_sentiment_s44,2,0.03302386961877346,0.5474782608695653,0.10724637681159421
ablation_no_sentiment_s44,3,0.03220865192512671,0.5572753623188406,0.12753623188405797
ablation_no_sentiment_s45,none,0.03531955601647496,0.5087391304347827,0.10217391304347827
ablation_no_sentiment_s45,0,0.038276816407839455,0.47860869565217395,0.12753623188405797
ablation_no_sentiment_s45,1,0.035798133040467896,0.5278840579710146,0.11014492753623188
ablation_no_sentiment_s45,2,0.033360445871949196,0.5115942028985507,0.06956521739130435
ablation_no_sentiment_s45,3,0.033842828745643296,0.5168695652173914,0.10144927536231885
ablation_no_sentiment_s46,none,0.03350988170132041,0.5496521739130436,0.1173913043478261
ablation_no_sentiment_s46,0,0.03596844896674156,0.5248695652173913,0.15072463768115943
ablation_no_sentiment_s46,1,0.03408342786133289,0.5501449275362319,0.10434782608695652
ablation_no_sentiment_s46,2,0.03247220627963543,0.552463768115942,0.10144927536231885
ablation_no_sentiment_s46,3,0.031515443697571754,0.5711304347826087,0.11304347826086958
ablation_numerical_only_s42,none,0.032872608397156,0.5546086956521739,0.0891304347826087
ablation_numerical_only_s42,0,0.03510861160854498,0.5340869565217391,0.11594202898550725
ablation_numerical_only_s42,1,0.03395004943013191,0.5471304347826087,0.08985507246376812
ablation_numerical_only_s42,2,0.03160836982230345,0.5591304347826087,0.057971014492753624
ablation_numerical_only_s42,3,0.03082340272764365,0.5780869565217391,0.0927536231884058
ablation_numerical_only_s43,none,0.03677745908498764,0.5138260869565218,0.07391304347826087
ablation_numerical_only_s43,0,0.03533343722422918,0.5234202898550725,0.09855072463768116
ablation_numerical_only_s43,1,0.03922360638777415,0.49026086956521736,0.07246376811594203
ablation_numerical_only_s43,2,0.03699523086349169,0.5036521739130435,0.0463768115942029
ablation_numerical_only_s43,3,0.03555756186445554,0.5379710144927536,0.0782608695652174
ablation_numerical_only_s44,none,0.03379885386675596,0.545304347826087,0.1
ablation_numerical_only_s44,0,0.03567749261856079,0.5097391304347826,0.11594202898550725
ablation_numerical_only_s44,1,0.03452585513393084,0.5572173913043478,0.09855072463768116
ablation_numerical_only_s44,2,0.03293102979660034,0.5486376811594204,0.08405797101449275
ablation_numerical_only_s44,3,0.03206103791793188,0.5656231884057972,0.10144927536231885
ablation_numerical_only_s45,none,0.033230303321033716,0.5610869565217391,0.08260869565217392
ablation_numerical_only_s45,0,0.035482616474231087,0.5255652173913044,0.09565217391304348
ablation_numerical_only_s45,1,0.03439191170036793,0.5549565217391305,0.07246376811594203
ablation_numerical_only_s45,2,0.03221990975240866,0.5670144927536231,0.06086956521739129
ablation_numerical_only_s45,3,0.03082677535712719,0.5968115942028985,0.10144927536231885
ablation_numerical_only_s46,none,0.03320027748122811,0.5400869565217391,0.08695652173913043
ablation_numerical_only_s46,0,0.03544616140425205,0.5082898550724638,0.1072463768115942
ablation_numerical_only_s46,1,0.034223424891630806,0.5262608695652174,0.08695652173913043
ablation_numerical_only_s46,2,0.03204969627161821,0.5393623188405797,0.057971014492753624
ablation_numerical_only_s46,3,0.031081827357411385,0.5864347826086956,0.09565217391304348
ablation_perm_macro_s42,none,0.03288596449419856,0.5529565217391303,0.09347826086956522
ablation_perm_macro_s42,0,0.03509469951192538,0.5292753623188405,0.12173913043478261
ablation_perm_macro_s42,1,0.03389068009952704,0.5488695652173913,0.09565217391304348
ablation_perm_macro_s42,2,0.03166202393670877,0.5586666666666666,0.06376811594202898
ablation_perm_macro_s42,3,0.030896454428633053,0.5750144927536232,0.0927536231884058
ablation_perm_macro_s43,none,0.03762482013553381,0.5181304347826087,0.07173913043478261
ablation_perm_macro_s43,0,0.034794130673011146,0.5390144927536232,0.09565217391304348
ablation_perm_macro_s43,1,0.040342386811971664,0.496,0.06666666666666667
ablation_perm_macro_s43,2,0.038097698241472244,0.5101449275362319,0.05507246376811594
ablation_perm_macro_s43,3,0.037265064815680184,0.5273623188405797,0.06956521739130435
ablation_perm_macro_s44,none,0.032946609891951084,0.5526521739130436,0.10434782608695652
ablation_perm_macro_s44,0,0.035584804912408195,0.5118840579710145,0.1246376811594203
ablation_perm_macro_s44,1,0.03347287947932879,0.5685217391304348,0.10434782608695652
ablation_perm_macro_s44,2,0.031800338377555214,0.556,0.08405797101449275
ablation_perm_macro_s44,3,0.030928416798512142,0.5742028985507247,0.10434782608695652
ablation_perm_macro_s45,none,0.033897994086146355,0.5265652173913044,0.09565217391304347
ablation_perm_macro_s45,0,0.03659301375349363,0.4895072463768116,0.11884057971014493
ablation_perm_macro_s45,1,0.034194073329369225,0.5450434782608695,0.08115942028985507
ablation_perm_macro_s45,2,0.033084659526745476,0.5212173913043477,0.07246376811594203
ablation_perm_macro_s45,3,0.03172022973497709,0.5504927536231884,0.11014492753623188
ablation_perm_macro_s46,none,0.033010984770953655,0.5394347826086956,0.1
ablation_perm_macro_s46,0,0.03532646720608076,0.5157101449275362,0.11884057971014493
ablation_perm_macro_s46,1,0.034103814512491226,0.5309565217391304,0.10434782608695652
ablation_perm_macro_s46,2,0.03153118987878164,0.5529275362318841,0.07536231884057971
ablation_perm_macro_s46,3,0.031082467486461002,0.5581449275362318,0.10144927536231885
ablation_perm_sentiment_s42,none,0.03441511560231447,0.5337826086956522,0.11956521739130435
ablation_perm_sentiment_s42,0,0.037074364721775055,0.5052753623188406,0.1565217391304348
ablation_perm_sentiment_s42,1,0.033939833442370095,0.5473623188405797,0.09565217391304348
ablation_perm_sentiment_s42,2,0.03368093321720759,0.5325217391304348,0.09855072463768116
ablation_perm_sentiment_s42,3,0.032965331027905144,0.5499710144927537,0.12753623188405797
ablation_perm_sentiment_s43,none,0.03374037379398942,0.5361739130434783,0.10652173913043479
ablation_perm_sentiment_s43,0,0.036199696362018585,0.5137391304347826,0.13623188405797101
ablation_perm_sentiment_s43,1,0.03414079733192921,0.5464347826086957,0.09855072463768116
ablation_perm_sentiment_s43,2,0.03298426357408365,0.5304927536231885,0.08985507246376812
ablation_perm_sentiment_s43,3,0.03163673790792624,0.5540289855072463,0.10144927536231885
ablation_perm_sentiment_s44,none,0.0334953679703176,0.5487391304347826,0.10217391304347827
ablation_perm_sentiment_s44,0,0.03588663414120674,0.5231304347826087,0.12753623188405797
ablation_perm_sentiment_s44,1,0.0341572022686402,0.5513623188405797,0.10144927536231883
ablation_perm_sentiment_s44,2,0.03247555034856001,0.5508985507246377,0.07826086956521738
ablation_perm_sentiment_s44,3,0.03146208512286345,0.5695652173913043,0.10144927536231885
ablation_perm_sentiment_s45,none,0.03404686972498894,0.5422608695652175,0.10652173913043479
ablation_perm_sentiment_s45,0,0.03672409430146217,0.5165217391304349,0.13623188405797101
ablation_perm_sentiment_s45,1,0.034115295857191086,0.5484057971014493,0.08985507246376812
ablation_perm_sentiment_s45,2,0.033236078917980194,0.5420869565217392,0.0927536231884058
ablation_perm_sentiment_s45,3,0.032112009823322296,0.5620289855072464,0.10724637681159421
ablation_perm_sentiment_s46,none,0.034598353784531355,0.5055217391304349,0.09565217391304348
ablation_perm_sentiment_s46,0,0.03742913405100504,0.46597101449275363,0.1246376811594203
ablation_perm_sentiment_s46,1,0.03620033028225104,0.48533333333333334,0.09565217391304348
ablation_perm_sentiment_s46,2,0.0318260807543993,0.5428985507246377,0.06666666666666667
ablation_perm_sentiment_s46,3,0.03293787005047003,0.5278840579710146,0.09565217391304348
ablation_point_only_s42,none,0.03456332301720977,0.5226086956521738,0.15217391304347827
ablation_point_only_s42,0,0.03650577117999395,0.5148985507246376,0.2028985507246377
ablation_point_only_s42,1,0.03494568231205145,0.526840579710145,0.1710144927536232
ablation_point_only_s42,2,0.03374173678457737,0.5160579710144927,0.12173913043478261
ablation_point_only_s42,3,0.0330601017922163,0.5326376811594202,0.11304347826086958
ablation_point_only_s43,none,0.03449192503467202,0.54,0.17173913043478262
ablation_point_only_s43,0,0.035277742271622024,0.5307826086956522,0.2289855072463768
ablation_point_only_s43,1,0.03585860754052798,0.5328695652173913,0.17391304347826086
ablation_point_only_s43,2,0.033611144249637924,0.5382028985507247,0.15072463768115943
ablation_point_only_s43,3,0.03322020607690016,0.5581449275362319,0.13333333333333333
ablation_point_only_s44,none,0.033652519807219505,0.549304347826087,0.16956521739130434
ablation_point_only_s44,0,0.034920853873093925,0.5432463768115942,0.22608695652173913
ablation_point_only_s44,1,0.03506437813242277,0.5399420289855072,0.1710144927536232
ablation_point_only_s44,2,0.03261192391316096,0.5516521739130434,0.13043478260869565
ablation_point_only_s44,3,0.03201292331020037,0.5623768115942028,0.15072463768115943
ablation_point_only_s45,none,0.0336253815330565,0.5369130434782609,0.2152173913043478
ablation_point_only_s45,0,0.03620239719748497,0.5011014492753624,0.2753623188405797
ablation_point_only_s45,1,0.033630579089125,0.5522318840579711,0.20579710144927535
ablation_point_only_s45,2,0.032719395433863006,0.5353043478260869,0.20579710144927535
ablation_point_only_s45,3,0.03194915441175302,0.5590144927536231,0.17391304347826086
ablation_point_only_s46,none,0.033392209094017744,0.556695652173913,0.18478260869565216
ablation_point_only_s46,0,0.035818420350551605,0.5361739130434783,0.24347826086956523
ablation_point_only_s46,1,0.03392823599278927,0.5482318840579711,0.18260869565217394
ablation_point_only_s46,2,0.03232596504191557,0.5615072463768116,0.14492753623188406
ablation_point_only_s46,3,0.03149621499081453,0.5808695652173913,0.1681159420289855
ablation_static_fusion_s42,none,0.033083411399275064,0.5521739130434783,0.08043478260869565
ablation_static_fusion_s42,0,0.035292421778043113,0.5292173913043478,0.1072463768115942
ablation_static_fusion_s42,1,0.03406939965983232,0.5492173913043478,0.08115942028985507
ablation_static_fusion_s42,2,0.03184436447918415,0.5574492753623188,0.04927536231884058
ablation_static_fusion_s42,3,0.031127459680040676,0.5728115942028985,0.08405797101449275
ablation_static_fusion_s43,none,0.033502778969705105,0.5326086956521738,0.1
ablation_static_fusion_s43,0,0.035153636087973915,0.5286376811594203,0.12753623188405797
ablation_static_fusion_s43,1,0.03455933555960655,0.527768115942029,0.08985507246376812
ablation_static_fusion_s43,2,0.03258957962195078,0.5306666666666666,0.08405797101449275
ablation_static_fusion_s43,3,0.03170856460928917,0.5433623188405797,0.09855072463768116
ablation_static_fusion_s44,none,0.03291376633569598,0.5575652173913043,0.09347826086956522
ablation_static_fusion_s44,0,0.035032883286476135,0.536927536231884,0.12173913043478261
ablation_static_fusion_s44,1,0.03387548712392648,0.5492753623188406,0.08695652173913043
ablation_static_fusion_s44,2,0.03182561385134856,0.5626666666666666,0.07536231884057971
ablation_static_fusion_s44,3,0.030921081081032753,0.581391304347826,0.08985507246376812
ablation_static_fusion_s45,none,0.03445460693910718,0.49173913043478257,0.10434782608695652
ablation_static_fusion_s45,0,0.03714653104543686,0.4521739130434783,0.13333333333333333
ablation_static_fusion_s45,1,0.03446214087307453,0.5127536231884058,0.10434782608695653
ablation_static_fusion_s45,2,0.03372799915572008,0.4810434782608695,0.0753623188405797
ablation_static_fusion_s45,3,0.03248175668219725,0.5209855072463768,0.10434782608695652
ablation_static_fusion_s46,none,0.034054146613925695,0.5217391304347826,0.09347826086956522
ablation_static_fusion_s46,0,0.0367517943183581,0.4871304347826087,0.11594202898550725
ablation_static_fusion_s46,1,0.03524168021976948,0.5171014492753624,0.09565217391304348
ablation_static_fusion_s46,2,0.03214332150916258,0.5476521739130434,0.06956521739130435
ablation_static_fusion_s46,3,0.03207979040841261,0.5350724637681159,0.0927536231884058
baseline_arima,none,0.032797964290416586,0.551391304347826,
baseline_arima,0,0.034906896238615,0.5290434782608696,
baseline_arima,1,0.03382498560927347,0.5417391304347826,
baseline_arima,2,0.031658924876761294,0.5558260869565217,
baseline_arima,3,0.03080105043701657,0.5789565217391304,
baseline_cnn_bilstm,none,0.0347432098351419,0.5115217391304347,
baseline_cnn_bilstm,0,0.037101009860634804,0.5210434782608696,
baseline_cnn_bilstm,1,0.03654477745294571,0.4795942028985507,
baseline_cnn_bilstm,2,0.033510509257515274,0.5099710144927536,
baseline_cnn_bilstm,3,0.0318165427694718,0.5354782608695653,
baseline_cnn_bilstm_attn,none,0.03317042347043753,0.5655217391304348,
baseline_cnn_bilstm_attn,0,0.03531238871316115,0.547072463768116,
baseline_cnn_bilstm_attn,1,0.03424725619455179,0.5607536231884058,
baseline_cnn_bilstm_attn,2,0.031592088441054024,0.5744927536231884,
baseline_cnn_bilstm_attn,3,0.031529960532983146,0.579768115942029,
baseline_dcc_garch,none,0.03286898618881237,0.5356521739130435,0.05434782608695653
baseline_dcc_garch,0,0.0348985283517902,0.5260289855072464,0.07246376811594203
baseline_dcc_garch,1,0.03389230687261955,0.5284057971014493,0.057971014492753624
baseline_dcc_garch,2,0.031737981780658786,0.5354202898550725,0.04057971014492754
baseline_dcc_garch,3,0.030947127750180936,0.5527536231884058,0.0463768115942029
baseline_garch,none,0.03286898618881237,0.5356521739130435,0.043478260869565216
baseline_garch,0,0.0348985283517902,0.5260289855072464,0.057971014492753624
baseline_garch,1,0.03389230687261955,0.5284057971014493,0.043478260869565216
baseline_garch,2,0.031737981780658786,0.5354202898550725,0.03188405797101449
baseline_garch,3,0.030947127750180936,0.5527536231884058,0.04057971014492754
baseline_garch_midas,none,0.032812404440868526,0.5356521739130435,0.04565217391304348
baseline_garch_midas,0,0.0348197995244608,0.5260289855072464,0.06086956521739131
baseline_garch_midas,1,0.03385503037649205,0.5284057971014493,0.0463768115942029
baseline_garch_midas,2,0.03169432124881066,0.5354202898550725,0.028985507246376812
baseline_garch_midas,3,0.030880466613710605,0.5527536231884058,0.0463768115942029
baseline_gru,none,0.03384341346099973,0.5123913043478261,
baseline_gru,0,0.03520899203916391,0.5241159420289855,
baseline_gru,1,0.03523376335700353,0.4925217391304348,
baseline_gru,2,0.03277973644435406,0.5132753623188405,
baseline_gru,3,0.03215116200347742,0.5196521739130434,
baseline_har_rv,none,0.03307559228607888,0.00013043478260869567,0.03695652173913044
baseline_har_rv,0,0.0349724020166065,5.797101449275363e-05,0.04927536231884058
baseline_har_rv,1,0.03402431000677997,0.00011594202898550725,0.03768115942028986
baseline_har_rv,2,0.03192949390643343,0.00017391304347826088,0.03188405797101449
baseline_har_rv,3,0.0313761632144956,0.00017391304347826088,0.028985507246376812
baseline_lstm,none,0.03443719865754247,0.49582608695652175,
baseline_lstm,0,0.036793154353896775,0.48626086956521747,
baseline_lstm,1,0.035559773445129395,0.4892173913043478,
baseline_lstm,2,0.03309811217089494,0.507536231884058,
baseline_lstm,3,0.032297754660248756,0.5002898550724638,
baseline_martingale,none,0.03307559228607888,0.00013043478260869567,0.05
baseline_martingale,0,0.0349724020166065,5.797101449275363e-05,0.06666666666666667
baseline_martingale,1,0.03402431000677997,0.00011594202898550725,0.05507246376811594
baseline_martingale,2,0.03192949390643343,0.00017391304347826088,0.04057971014492753
baseline_martingale,3,0.0313761632144956,0.00017391304347826088,0.03768115942028986
baseline_sentiment_lstm,none,0.03329290356487036,0.5429130434782609,
baseline_sentiment_lstm,0,0.03529049145678679,0.547304347826087,
baseline_sentiment_lstm,1,0.03464119943479697,0.520231884057971,
baseline_sentiment_lstm,2,0.03154614195227623,0.5455652173913044,
baseline_sentiment_lstm,3,0.03169378141562144,0.5585507246376812,
baseline_tft,none,0.0357619278596446,0.5125217391304349,
baseline_tft,0,0.03828559061325156,0.509623188405797,
baseline_tft,1,0.03719297206694706,0.4937971014492754,
baseline_tft,2,0.03476698003132153,0.5239420289855072,
baseline_tft,3,0.03280216872705825,0.5227246376811595,
baseline_transformer,none,0.033616391476243734,0.5290434782608695,
baseline_transformer,0,0.03560399326185385,0.5350144927536232,
baseline_transformer,1,0.03449986750880877,0.513855072463768,
baseline_transformer,2,0.032306778555115066,0.528695652173913,
baseline_transformer,3,0.03205492657919725,0.538608695652174,
dramt_ensemble,none,0.032986064441502094,0.5486521739130434,0.1
dramt_ensemble,0,0.03536697539190451,0.5206956521739131,0.13043478260869565
dramt_ensemble,1,0.033696439738074936,0.5523478260869565,0.08985507246376812
dramt_ensemble,2,0.031802598387002945,0.5512463768115942,0.0782608695652174
dramt_ensemble,3,0.031078244249025982,0.5703188405797102,0.10144927536231885
dramt_garch,none,0.033304648008197546,0.5311304347826087,0.07391304347826087
dramt_garch,0,0.035488067815701164,0.4994202898550724,0.09565217391304348
dramt_garch,1,0.03397939292093118,0.550608695652174,0.07246376811594203
dramt_garch,2,0.03229158682127794,0.5289855072463768,0.05507246376811595
dramt_garch,3,0.0314595444748799,0.5455072463768116,0.07246376811594203
dramt_gate_ext,none,0.03375152591615915,0.540695652173913,0.10869565217391305
dramt_gate_ext,0,0.036182103057702385,0.514376811594203,0.1391304347826087
dramt_gate_ext,1,0.03400080402692159,0.5485797101449276,0.09565217391304348
dramt_gate_ext,2,0.03278874605894089,0.5417391304347826,0.08695652173913045
dramt_gate_ext,3,0.032034450521071754,0.5580869565217391,0.11304347826086958
dramt_gate_ext_time,none,0.03309124242514372,0.5512173913043479,0.10434782608695652
dramt_gate_ext_time,0,0.03523919110496839,0.5322318840579711,0.13043478260869565
dramt_gate_ext_time,1,0.03412799537181854,0.5439420289855073,0.09565217391304348
dramt_gate_ext_time,2,0.03197492783268293,0.5553623188405797,0.07826086956521738
dramt_gate_ext_time,3,0.031022855391105015,0.5733333333333334,0.11304347826086956
dramt_gate_time,none,0.03283503605052829,0.5581304347826087,0.08695652173913043
dramt_gate_time,0,0.034998790050546326,0.5363478260869565,0.11304347826086956
dramt_gate_time,1,0.03383842979868253,0.5493333333333333,0.08695652173913043
dramt_gate_time,2,0.031612501169244446,0.5648115942028986,0.06086956521739131
dramt_gate_time,3,0.030890423183639843,0.5820289855072464,0.08695652173913043
dramt_gpu,none,0.03352487599477172,0.542695652173913,0.09565217391304348
dramt_gpu,0,0.035821291307608284,0.5193043478260869,0.12753623188405797
dramt_gpu,1,0.03391079045832157,0.5489275362318841,0.08695652173913043
dramt_gpu,2,0.03250540358324846,0.5452173913043479,0.06666666666666667
dramt_gpu,3,0.03186201862990856,0.5573333333333333,0.10144927536231885
dramt_lam1_2,none,0.034181511495262384,0.5083478260869566,0.03695652173913043
dramt_lam1_2,0,0.03659674028555552,0.47831884057971014,0.049275362318840575
dramt_lam1_2,1,0.035081418231129646,0.4988985507246377,0.020289855072463767
dramt_lam1_2,2,0.03265101400514444,0.5398260869565218,0.03768115942028986
dramt_lam1_2,3,0.03239687345921993,0.5163478260869566,0.04057971014492753
dramt_lam1_5,none,0.03330071922391653,0.5191739130434783,0.03260869565217392
dramt_lam1_5,0,0.03560986928641796,0.4860869565217391,0.04057971014492754
dramt_lam1_5,1,0.03439341920117537,0.5043478260869566,0.017391304347826087
dramt_lam1_5,2,0.03176420057813326,0.5503768115942029,0.0318840579710145
dramt_lam1_5,3,0.03143538782993952,0.5358840579710145,0.04057971014492754
dramt_rank,none,0.03297730116173625,0.5490434782608696,0.03913043478260869
dramt_rank,0,0.03501973239084085,0.5363478260869566,0.05217391304347826
dramt_rank,1,0.034102894365787506,0.537913043478261,0.03768115942028986
dramt_rank,2,0.0317612619449695,0.5525797101449276,0.02318840579710145
dramt_rank,3,0.03102531594534715,0.5693333333333334,0.043478260869565216
dramt_rank_only,none,0.033425879664719105,0.48034782608695653,0.010869565217391304
dramt_rank_only,0,0.035455651581287384,0.4723478260869565,0.014492753623188406
dramt_rank_only,1,0.03419718270500501,0.49286956521739134,0.011594202898550725
dramt_rank_only,2,0.032357703894376755,0.4771014492753623,0.005797101449275362
dramt_rank_only,3,0.03169298047820727,0.4790724637681159,0.011594202898550725
dramt_riskonly,none,0.03340981202200055,0.513391304347826,0.013043478260869565
dramt_riskonly,0,0.03554213109115759,0.496231884057971,0.017391304347826087
dramt_riskonly,1,0.03421464810768763,0.5174492753623189,0.008695652173913044
dramt_riskonly,2,0.03215994375447432,0.5238840579710144,0.008695652173913044
dramt_riskonly,3,0.031722525134682655,0.5159999999999999,0.017391304347826087
dramt_seed42,none,0.03396578272804618,0.5412173913043479,0.09565217391304348
dramt_seed42,0,0.03669115900993347,0.512,0.12753623188405797
dramt_seed42,1,0.03362881081799666,0.5542608695652175,0.08695652173913043
dramt_seed42,2,0.03309327798585097,0.5432463768115942,0.06666666666666667
dramt_seed42,3,0.03244988309840361,0.5553623188405797,0.10144927536231885
dramt_seed43,none,0.03292772267013788,0.5453043478260869,0.08478260869565218
dramt_seed43,0,0.035023972392082214,0.533391304347826,0.11304347826086958
dramt_seed43,1,0.03396064043045044,0.5339710144927535,0.08115942028985508
dramt_seed43,2,0.031827120731274285,0.5485797101449275,0.06376811594202898
dramt_seed43,3,0.030899157126744587,0.5652753623188406,0.08115942028985508
dramt_seed44,none,0.03311489103361964,0.5528260869565217,0.09782608695652174
dramt_seed44,0,0.035449421033263206,0.5311304347826087,0.12173913043478261
dramt_seed44,1,0.034151641031106315,0.5479999999999999,0.09855072463768115
dramt_seed44,2,0.031956955169638,0.5563478260869564,0.07536231884057971
dramt_seed44,3,0.03090154690047105,0.5758260869565217,0.09565217391304348
dramt_seed45,none,0.03502983320504427,0.514913043478261,0.09130434782608696
dramt_seed45,0,0.03613449136416117,0.5132173913043478,0.12173913043478261
dramt_seed45,1,0.03577898566921552,0.5158260869565218,0.08405797101449275
dramt_seed45,2,0.03454806407292684,0.5057971014492754,0.07246376811594203
dramt_seed45,3,0.03365779171387354,0.5248115942028986,0.08695652173913043
dramt_seed46,none,0.03448362648487091,0.5047391304347826,0.11956521739130435
dramt_seed46,0,0.037019810328880944,0.47008695652173915,0.13333333333333333
dramt_seed46,1,0.035941782097021736,0.48886956521739133,0.11304347826086956
dramt_seed46,2,0.03204845388730367,0.5456811594202898,0.10144927536231885
dramt_seed46,3,0.03292445962627729,0.5143188405797102,0.13043478260869565
dramt_seed47,none,0.0330529329366982,0.547695652173913,0.09565217391304348
dramt_seed47,0,0.03518706435958544,0.535768115942029,0.11884057971014493
dramt_seed47,1,0.03416316521664461,0.536695652173913,0.09855072463768115
dramt_seed47,2,0.031839727734526,0.5495072463768116,0.07246376811594203
dramt_seed47,3,0.031021774436036747,0.5688115942028985,0.0927536231884058
dramt_seed48,none,0.03565556136891246,0.4943913043478261,0.0782608695652174
dramt_seed48,0,0.03799235572417577,0.4657971014492754,0.10144927536231885
dramt_seed48,1,0.034522115563352905,0.5245217391304348,0.07246376811594203
dramt_seed48,2,0.03553261918326219,0.47791304347826086,0.06086956521739131
dramt_seed48,3,0.03457515500485897,0.5093333333333333,0.0782608695652174
dramt_seed49,none,0.03382906876504421,0.5464347826086957,0.10869565217391304
dramt_seed49,0,0.03638029843568802,0.5200579710144927,0.14202898550724638
dramt_seed49,1,0.03371565416455269,0.5516521739130434,0.08695652173913043
dramt_seed49,2,0.03291122242808342,0.5479999999999999,0.08985507246376812
dramt_seed49,3,0.03230910003185272,0.5660289855072463,0.11594202898550725
dramt_seed50,none,0.03299163840711117,0.5578695652173913,0.08043478260869565
dramt_seed50,0,0.03519678922990958,0.5375072463768116,0.10144927536231883
dramt_seed50,1,0.03410679039855798,0.5544927536231884,0.0782608695652174
dramt_seed50,2,0.03157461931308111,0.5630144927536233,0.05217391304347826
dramt_seed50,3,0.031088354686896007,0.576463768115942,0.08985507246376812
dramt_seed51,none,0.0332957049831748,0.551304347826087,0.10652173913043478
dramt_seed51,0,0.03566278889775276,0.5302608695652173,0.14202898550724638
dramt_seed51,1,0.033747706562280655,0.5488695652173914,0.08695652173913043
dramt_seed51,2,0.032320234924554825,0.5540289855072463,0.08695652173913043
dramt_seed51,3,0.03145208954811096,0.5720579710144927,0.11014492753623188
dramt_t,none,0.03298920625820756,0.547304347826087,0.034782608695652174
dramt_t,0,0.03512278012931347,0.5340869565217391,0.0463768115942029
dramt_t,1,0.03394111121694247,0.5373333333333333,0.020289855072463767
dramt_t,2,0.03184553297857443,0.5500289855072463,0.028985507246376815
dramt_t,3,0.031047400707999866,0.567768115942029,0.043478260869565216
dramt_t_garch,none,0.03332464583218098,0.556695652173913,0.04565217391304348
dramt_t_garch,0,0.03556877374649048,0.5403478260869564,0.06086956521739131
dramt_t_garch,1,0.03432414804895719,0.549391304347826,0.03768115942028986
dramt_t_garch,2,0.03230100000898043,0.5624347826086956,0.043478260869565216
dramt_t_garch,3,0.031104661524295807,0.5746086956521739,0.04057971014492753
dramt_t_har,none,0.03544085053727031,0.5254782608695652,0.01956521739130435
dramt_t_har,0,0.03846937914689382,0.4921159420289855,0.026086956521739132
dramt_t_har,1,0.03402749759455522,0.5456811594202898,0.02028985507246377
dramt_t_har,2,0.03497409634292126,0.5252753623188405,0.005797101449275362
dramt_t_har,3,0.03429242906471094,0.5388405797101449,0.026086956521739132
dramt_tg_ensemble,none,0.03300600219517946,0.5520434782608696,0.04565217391304347
dramt_tg_ensemble,0,0.035320382565259933,0.5362318840579711,0.06086956521739129
dramt_tg_ensemble,1,0.03387875358263651,0.5428985507246377,0.03768115942028986
dramt_tg_ensemble,2,0.03173339987794558,0.5565217391304348,0.03188405797101449
dramt_tg_ensemble,3,0.03109147275487582,0.5725217391304348,0.05217391304347826
dramt_tg_seed42,none,0.03364650486037135,0.5273043478260869,0.03260869565217391
dramt_tg_seed42,0,0.035991678635279335,0.504,0.043478260869565216
dramt_tg_seed42,1,0.03432736856242021,0.5465507246376812,0.03768115942028986
dramt_tg_seed42,2,0.03273014537990093,0.5232463768115942,0.026086956521739132
dramt_tg_seed42,3,0.031536826863884926,0.5354202898550725,0.02318840579710145
dramt_tg_seed43,none,0.034193073865026236,0.5344782608695653,0.043478260869565216
dramt_tg_seed43,0,0.03671772902210554,0.5167536231884058,0.057971014492753624
dramt_tg_seed43,1,0.034586854899923004,0.5251014492753623,0.028985507246376812
dramt_tg_seed43,2,0.032651412611206375,0.5480579710144927,0.028985507246376812
dramt_tg_seed43,3,0.032816298926870026,0.548,0.057971014492753624
dramt_tg_seed44,none,0.03571411082521081,0.5148260869565218,0.049999999999999996
dramt_tg_seed44,0,0.03690084256231785,0.5075942028985506,0.06666666666666667
dramt_tg_seed44,1,0.03745151807864507,0.5035942028985506,0.04057971014492753
dramt_tg_seed44,2,0.03464192586640517,0.5229565217391304,0.03768115942028986
dramt_tg_seed44,3,0.03386215679347515,0.5251594202898551,0.05507246376811594
dramt_tg_seed45,none,0.03324853675439954,0.5380869565217391,0.02826086956521739
dramt_tg_seed45,0,0.03514098065594832,0.5374492753623188,0.03768115942028986
dramt_tg_seed45,1,0.03431649133563042,0.5226086956521739,0.014492753623188406
dramt_tg_seed45,2,0.032171839848160744,0.536695652173913,0.02318840579710145
dramt_tg_seed45,3,0.03136483517785867,0.5555942028985507,0.03768115942028986
dramt_tg_seed46,none,0.034839387983083725,0.5095217391304347,0.03260869565217391
dramt_tg_seed46,0,0.03764097640911738,0.4754202898550724,0.043478260869565216
dramt_tg_seed46,1,0.035764469454685845,0.5,0.02318840579710145
dramt_tg_seed46,2,0.03233835722009341,0.548231884057971,0.02028985507246377
dramt_tg_seed46,3,0.03361374884843826,0.5144347826086956,0.043478260869565216
dramt_tg_seed47,none,0.032759067602455616,0.5594782608695652,0.028260869565217395
dramt_tg_seed47,0,0.03503656449417273,0.5371014492753624,0.03768115942028986
dramt_tg_seed47,1,0.033720809345444046,0.5533913043478261,0.02318840579710145
dramt_tg_seed47,2,0.031530419985453285,0.5636521739130435,0.017391304347826087
dramt_tg_seed47,3,0.0307484765847524,0.5837681159420289,0.034782608695652174
dramt_tg_seed48,none,0.03444668045267463,0.5399130434782609,0.034782608695652174
dramt_tg_seed48,0,0.03502626406649748,0.5344927536231884,0.0463768115942029
dramt_tg_seed48,1,0.03607680772741636,0.5270144927536232,0.03188405797101449
dramt_tg_seed48,2,0.033935846760869026,0.5396521739130434,0.017391304347826087
dramt_tg_seed48,3,0.03274780325591564,0.5584927536231884,0.043478260869565216
dramt_tg_seed49,none,0.033806861843913794,0.5378695652173913,0.041304347826086954
dramt_tg_seed49,0,0.036240845918655396,0.5080579710144928,0.05507246376811594
dramt_tg_seed49,1,0.033818031971653305,0.5563478260869564,0.028985507246376812
dramt_tg_seed49,2,0.03286910988390446,0.5367536231884058,0.034782608695652174
dramt_tg_seed49,3,0.03229945960144202,0.5503188405797101,0.0463768115942029
dramt_tg_seed50,none,0.03296804474666715,0.5565217391304348,0.034782608695652174
dramt_tg_seed50,0,0.03489016927778721,0.5489855072463768,0.0463768115942029
dramt_tg_seed50,1,0.03400214513142904,0.5471304347826087,0.02608695652173913
dramt_tg_seed50,2,0.03183072246611118,0.5621449275362319,0.03188405797101449
dramt_tg_seed50,3,0.03114914211134116,0.5678260869565217,0.034782608695652174
dramt_tg_seed51,none,0.033302596770226955,0.5407826086956522,0.021739130434782608
dramt_tg_seed51,0,0.03564562524358431,0.5129855072463768,0.028985507246376812
dramt_tg_seed51,1,0.033728763461112976,0.5491014492753624,0.02028985507246377
dramt_tg_seed51,2,0.032291886707146965,0.5398260869565218,0.008695652173913044
dramt_tg_seed51,3,0.03154411166906357,0.5612173913043478,0.028985507246376812
